{
  "player": {
    "x": 290.50003,
    "y": 237.74924
  },
  "timestamp": "2025-10-29T22:21:05.843303200Z"
}