{
  "player": {
    "x": 251.66748,
    "y": 239.94965
  },
  "timestamp": "2025-11-04T00:13:53.353600300Z"
}